CdProposition,NumberItemProposition,Distance
604924,4,0.37518006555126815
604924,8,0.3322992743105993
604924,10,0.38141104088768624
604924,50,0.28099479400878064
604924,54,0.3685969468478382
604924,62,0.46931379173705934
604924,66,0.4102017917980925
