,comparacao,distancia
0,604924_532814_emenda_na_comissao_jus.txt_4,0.37518006555126815
1,604924_532814_emenda_na_comissao_jus.txt_8,0.3322992743105993
2,604924_532814_emenda_na_comissao_jus.txt_10,0.38141104088768624
3,604924_532814_emenda_na_comissao_jus.txt_50,0.28099479400878064
4,604924_532814_emenda_na_comissao_jus.txt_54,0.3685969468478382
5,604924_532814_emenda_na_comissao_jus.txt_62,0.46931379173705934
6,604924_532814_emenda_na_comissao_jus.txt_66,0.4102017917980925
