CdProposition,NumberItemProposition,Distance
7944125,4,0.43588703429081016
7944125,5,0.2785138682993406
7944125,7,0.30197035526170446
7944125,8,0.3133302893068412
7944125,10,0.3715908934772392
7944125,11,0.5113432104880593
7944125,13,0.37883885996642697
7944159,4,0.4316622654127645
7944159,5,0.30880473025969485
7944159,7,0.34169825646279567
7944159,8,0.31937469173487043
7944159,10,0.34842985553463474
7944159,11,0.49434823142779505
7944159,13,0.36574020404355867
